PROTEIN_A,PROTEIN_V,FATS_A,FATS_V,CARBOHYDRATES_F,CARBOHYDRATES_S,CALORIES
123.75,0,13.089999999999998,0,0,4.455000000000001,640.8050000000001
